City_ID,City,Country,Lat,Lng,Max Temp,Humidity,Cloudiness,Wind Speed,Current Description
0,Vallenar,CL,-28.5708,-70.7581,86.22,24,1,9.46,clear sky
1,Luwuk,ID,-0.9516,122.7875,77.79,87,100,1.83,moderate rain
2,Mana,GF,5.6592,-53.7767,80.87,73,95,11.21,overcast clouds
3,Souillac,MU,-20.5167,57.5167,79.18,83,40,0.0,scattered clouds
4,Sapa,PH,5.1544,120.3241,79.25,82,98,8.55,overcast clouds
5,Olafsvik,IS,64.8945,-23.7142,34.12,68,100,21.39,overcast clouds
6,San Juan,AR,-31.5375,-68.5364,85.39,15,43,7.63,scattered clouds
7,Barrow,US,71.2906,-156.7887,-2.18,71,0,20.71,haze
8,Nikolskoye,RU,59.7035,30.7861,26.8,84,91,4.36,overcast clouds
9,Vaini,TO,-21.2,-175.2,77.16,94,40,6.91,light intensity shower rain
10,Faya,SA,18.3851,42.4509,61.32,49,0,7.07,clear sky
11,Nevinnomyssk,RU,44.6267,41.9453,34.14,91,100,22.32,light snow
12,Rikitea,PF,-23.1203,-134.9692,78.87,70,3,11.48,clear sky
13,Castro,BR,-24.7911,-50.0119,77.83,55,3,7.14,clear sky
14,Qaanaaq,GL,77.484,-69.3632,7.41,77,100,5.75,overcast clouds
15,Lac Du Bonnet,CA,50.2536,-96.0612,14.65,55,28,6.49,scattered clouds
16,Pankrushikha,RU,53.8319,80.3406,19.11,93,99,7.65,overcast clouds
17,Guerrero Negro,MX,27.9769,-114.0611,69.06,52,100,8.41,overcast clouds
18,Puerto Ayora,EC,-0.7393,-90.3518,84.16,81,73,11.16,light rain
19,Hobart,AU,-42.8794,147.3294,61.05,76,94,5.75,overcast clouds
20,Mataura,NZ,-46.1927,168.8643,47.1,98,13,1.52,few clouds
21,Antsohihy,MG,-14.8796,47.9875,76.3,96,88,3.67,overcast clouds
22,Charters Towers,AU,-20.1,146.2667,70.88,90,6,4.54,clear sky
23,Norman Wells,CA,65.282,-126.8329,8.24,90,99,1.77,overcast clouds
24,Decatur,US,39.8403,-88.9548,37.45,38,0,9.22,clear sky
25,Avarua,CK,-21.2078,-159.775,80.65,83,40,6.91,scattered clouds
26,Iqaluit,CA,63.7506,-68.5145,19.13,92,100,0.0,mist
27,Whitley Bay,GB,55.0397,-1.4471,57.81,68,0,4.61,clear sky
28,Faanui,PF,-16.4833,-151.75,81.37,74,29,12.06,scattered clouds
29,Bathsheba,BB,13.2167,-59.5167,86.61,58,20,19.57,few clouds
30,Bay Roberts,CA,47.5999,-53.2648,45.03,86,99,5.01,light rain
31,Malakal,SS,9.5334,31.6605,88.74,14,98,5.55,overcast clouds
32,Biak,ID,-0.9131,122.8766,76.41,84,100,2.75,light rain
33,San Patricio,US,28.017,-97.5169,82.49,34,100,16.02,overcast clouds
34,College,US,64.8569,-147.8028,32.79,81,20,0.0,few clouds
35,Dikson,RU,73.5069,80.5464,-16.33,98,14,4.85,few clouds
36,Sur,OM,22.5667,59.5289,80.92,49,0,5.57,clear sky
37,Tiksi,RU,71.6872,128.8694,-15.12,100,77,5.75,broken clouds
38,Katsuura,JP,35.1333,140.3,55.47,77,100,10.18,overcast clouds
39,Dingle,PH,10.9995,122.6711,76.78,87,72,6.42,broken clouds
40,Port Elizabeth,ZA,-33.918,25.5701,73.09,92,76,4.0,broken clouds
41,Bluff,NZ,-46.6,168.3333,52.41,89,12,2.86,few clouds
42,Albany,US,42.6001,-73.9662,40.03,58,100,3.0,overcast clouds
43,Hithadhoo,MV,-0.6,73.0833,82.56,64,0,4.92,clear sky
44,Nchelenge,ZM,-9.3451,28.734,74.14,77,45,2.28,scattered clouds
45,Atuona,PF,-9.8,-139.0333,78.96,78,32,17.72,scattered clouds
46,Rawson,AR,-43.3002,-65.1023,68.97,24,0,22.03,clear sky
47,New Norfolk,AU,-42.7826,147.0587,60.71,64,99,2.48,overcast clouds
48,Bethel,US,41.3712,-73.414,45.54,56,100,12.66,overcast clouds
49,Saint-Philippe,RE,-21.3585,55.7679,79.21,87,90,9.22,light rain
50,Blagoyevo,RU,63.3667,47.9167,14.79,92,100,13.24,light snow
51,Cockburn Town,TC,21.4612,-71.1419,76.51,74,95,18.88,overcast clouds
52,Upernavik,GL,72.7868,-56.1549,27.12,72,100,1.9,overcast clouds
53,Plettenberg Bay,ZA,-34.0527,23.3716,66.7,78,100,3.49,overcast clouds
54,Vila,PT,42.0304,-8.1588,57.7,52,98,0.47,overcast clouds
55,Comodoro Rivadavia,AR,-45.8667,-67.5,71.46,20,24,26.46,few clouds
56,Bredasdorp,ZA,-34.5322,20.0403,65.61,83,87,5.48,overcast clouds
57,Punta Arenas,CL,-53.15,-70.9167,50.11,57,0,27.63,clear sky
58,Chicama,PE,-7.8447,-79.1469,72.14,57,100,8.61,overcast clouds
59,Ostrovnoy,RU,68.0531,39.5131,17.04,76,100,6.26,light snow
60,Tuktoyaktuk,CA,69.4541,-133.0374,-14.8,64,0,6.91,clear sky
61,Kedougou,SN,12.5579,-12.1743,106.38,14,0,4.61,clear sky
62,Ornskoldsvik,SE,63.2909,18.7153,34.75,100,100,4.61,overcast clouds
63,Henties Bay,NA,-22.116,14.2845,65.66,81,4,3.98,clear sky
64,Pathein,MM,16.7833,94.7333,79.88,80,3,10.54,clear sky
65,Saint George,US,37.1041,-113.5841,75.63,17,0,1.01,clear sky
66,Jamestown,US,42.097,-79.2353,23.52,62,100,21.85,overcast clouds
67,Palm Beach,US,26.6503,-80.4498,82.0,31,0,11.1,clear sky
68,Yellowknife,CA,62.456,-114.3525,7.41,68,20,8.05,few clouds
69,Cayenne,GF,4.9333,-52.3333,86.04,1,75,17.27,broken clouds
70,Kodiak,US,57.79,-152.4072,33.31,93,100,32.21,light rain
71,Paris,FR,48.8534,2.3488,67.37,33,0,6.91,clear sky
72,Kapaa,US,22.0752,-159.319,74.19,82,40,4.61,scattered clouds
73,Hamilton,US,39.1834,-84.5333,41.22,49,75,13.8,broken clouds
74,Wanaka,NZ,-44.7,169.15,48.11,89,0,2.08,clear sky
75,Morro Bay,US,35.3658,-120.8499,63.72,78,100,3.0,overcast clouds
76,Shiyan,CN,32.6475,110.7781,47.05,67,0,1.25,clear sky
77,Tyukhtet,RU,56.5389,89.3011,2.05,97,13,2.84,few clouds
78,Georgetown,MY,5.4112,100.3354,82.33,83,20,0.0,few clouds
79,Hermanus,ZA,-34.4187,19.2345,68.81,67,85,3.22,overcast clouds
80,Hvolsvollur,IS,63.7533,-20.2243,47.07,86,100,3.04,overcast clouds
81,Butaritari,KI,3.0707,172.7902,80.17,71,79,7.45,broken clouds
82,Chuy,UY,-33.6971,-53.4616,81.28,36,9,12.37,clear sky
83,Inirida,CO,3.8653,-67.9239,76.14,90,100,2.51,overcast clouds
84,Sakaiminato,JP,35.55,133.2333,47.97,57,100,15.46,overcast clouds
85,Tasiilaq,GL,65.6145,-37.6368,32.16,77,100,11.27,overcast clouds
86,Chiredzi,ZW,-21.05,31.6667,67.93,96,76,3.85,broken clouds
87,Ushuaia,AR,-54.8,-68.3,49.66,50,75,14.97,broken clouds
88,Kruisfontein,ZA,-34.0033,24.7314,70.88,81,100,12.35,overcast clouds
89,Cidreira,BR,-30.1811,-50.2056,76.48,58,0,6.71,clear sky
90,Ascope,PE,-7.7144,-79.1078,70.93,51,100,8.14,overcast clouds
91,Bambous Virieux,MU,-20.3428,57.7575,79.05,83,40,0.0,scattered clouds
92,Lubao,PH,14.9167,120.55,77.07,78,31,3.31,scattered clouds
93,Khatanga,RU,71.9667,102.5,-16.76,99,97,3.67,overcast clouds
94,Palauig,PH,15.435,119.9045,80.82,74,29,3.51,scattered clouds
95,Nemuro,JP,43.3236,145.575,33.58,78,0,15.97,clear sky
96,Vozhega,RU,60.4725,40.2213,17.24,80,87,13.06,overcast clouds
97,Praia,CV,14.9215,-23.5087,75.74,57,75,14.97,broken clouds
98,Saint-Max,FR,48.7043,6.21,65.1,34,0,4.61,clear sky
99,Saskylakh,RU,71.9167,114.0833,-5.96,99,100,3.85,overcast clouds
100,Lagoa,PT,39.05,-27.9833,59.22,86,69,13.6,broken clouds
101,Hanmer Springs,NZ,-42.5167,172.8167,49.73,84,0,2.64,clear sky
102,Maunabo,PR,18.0072,-65.8993,88.65,68,19,7.99,few clouds
103,Viedma,AR,-40.8135,-62.9967,72.41,25,0,12.93,clear sky
104,Port Alfred,ZA,-33.5906,26.891,70.18,85,63,5.01,broken clouds
105,Murray Bridge,AU,-35.1167,139.2667,64.13,71,100,6.15,light rain
106,Maryborough,AU,-25.5333,152.7,70.11,98,87,3.02,overcast clouds
107,Ballina,AU,-28.8667,153.5667,69.01,99,98,4.83,moderate rain
108,Roma,US,43.2128,-75.4557,33.96,80,100,20.0,overcast clouds
109,Hilo,US,19.7297,-155.09,71.33,83,75,3.44,broken clouds
110,Evensk,RU,61.95,159.2333,6.33,80,48,14.81,scattered clouds
111,Mapiri,BO,-15.25,-68.1667,84.76,56,75,2.73,broken clouds
112,Pevek,RU,69.7008,170.3133,-17.5,100,89,6.98,overcast clouds
113,Mirnyy,RU,62.5353,113.9611,10.36,99,99,3.02,overcast clouds
114,Mackay,AU,-21.15,149.2,69.67,87,8,5.59,clear sky
115,Geraldton,AU,-28.7667,114.6,73.81,78,75,14.97,broken clouds
116,Cabedelo,BR,-6.9811,-34.8339,83.07,75,96,11.77,overcast clouds
117,Ilulissat,GL,69.2167,-51.1,28.42,43,0,8.05,clear sky
118,Mahebourg,MU,-20.4081,57.7,79.09,83,40,0.0,scattered clouds
119,Guaymas,MX,27.9333,-110.9,81.88,16,75,0.0,broken clouds
120,Prince George,CA,53.9166,-122.753,40.24,91,100,8.05,overcast clouds
121,Lyubech,UA,51.7026,30.6569,30.58,42,87,11.32,overcast clouds
122,Rocha,UY,-34.4833,-54.3333,82.2,29,1,13.22,clear sky
123,Jian,CN,27.1172,114.9793,51.51,90,99,4.23,overcast clouds
124,Karanganom,ID,-7.6489,110.625,74.77,91,100,2.01,overcast clouds
125,Hasaki,JP,35.7333,140.8333,50.29,65,100,11.14,overcast clouds
126,Chokurdakh,RU,70.6333,147.9167,-9.47,100,98,6.38,overcast clouds
127,Meulaboh,ID,4.1363,96.1285,78.24,84,94,3.11,overcast clouds
128,Cape Town,ZA,-33.9258,18.4232,73.35,42,47,2.04,scattered clouds
129,Narsaq,GL,60.9167,-46.05,41.22,59,100,11.88,overcast clouds
130,Senanga,ZM,-16.1167,23.2667,73.6,65,62,4.92,broken clouds
131,Leningradskiy,RU,69.3833,178.4167,-14.73,92,4,5.19,clear sky
132,Shellbrook,CA,53.2168,-106.4011,16.83,82,100,10.6,overcast clouds
133,Road Town,VG,18.4167,-64.6167,82.44,65,20,9.22,few clouds
134,San Rafael,AR,-34.6177,-68.3301,81.37,17,62,6.11,broken clouds
135,Busselton,AU,-33.65,115.3333,58.21,70,0,14.56,clear sky
136,Mathathane,BW,-22.2687,28.7495,74.16,67,75,13.06,broken clouds
137,Cap Malheureux,MU,-19.9842,57.6142,78.48,83,24,1.99,few clouds
138,Riyadh,SA,24.6877,46.7219,64.54,19,0,10.33,clear sky
139,Mayumba,GA,-3.432,10.6554,80.01,91,42,8.46,light rain
140,Shyryayeve,UA,47.3805,30.1964,42.12,36,46,13.82,scattered clouds
141,Mar Del Plata,AR,-38.0023,-57.5575,75.22,59,0,21.99,clear sky
142,Ust-Tarka,RU,55.5672,75.705,5.94,98,92,4.92,overcast clouds
143,Trofors,NO,65.5333,13.4063,40.87,97,100,28.74,light rain
144,Raga,SS,8.4596,25.678,80.31,11,96,4.92,overcast clouds
145,East London,ZA,-33.0153,27.9116,68.94,88,0,10.36,clear sky
146,Caravelas,BR,-17.7125,-39.2481,84.97,59,8,9.62,clear sky
147,Murdochville,CA,48.9583,-65.5006,23.88,96,100,6.89,snow
148,Aklavik,CA,68.2191,-135.0107,-7.6,77,0,2.3,clear sky
149,Nan,TH,18.8333,100.6667,79.7,47,9,0.74,clear sky
150,Biltine,TD,14.5333,20.9167,81.19,7,1,15.77,clear sky
151,Dubna,RU,56.7333,37.1667,21.25,71,100,14.14,overcast clouds
152,Oistins,BB,13.0667,-59.5333,86.09,58,20,19.57,few clouds
153,Lorengau,PG,-2.0226,147.2712,80.29,79,84,6.93,broken clouds
154,Mount Gambier,AU,-37.8333,140.7667,62.51,88,75,4.61,broken clouds
155,Nago,JP,26.5881,127.9761,64.83,79,100,14.41,overcast clouds
156,Ambilobe,MG,-13.2,49.05,75.56,92,35,2.59,scattered clouds
157,Havoysund,NO,70.9963,24.6622,19.63,73,88,10.18,overcast clouds
158,Baruun-Urt,MN,46.6806,113.2792,28.89,32,68,6.58,broken clouds
159,Tadine,NC,-21.55,167.8833,75.49,79,64,12.82,broken clouds
160,Aksarka,RU,66.5606,67.7975,18.43,95,100,11.77,light snow
161,Barentu,ER,15.1139,37.5928,76.12,39,3,5.84,clear sky
162,Ola,RU,59.5833,151.2833,2.37,83,72,11.43,broken clouds
163,Yar-Sale,RU,66.8333,70.8333,10.42,97,83,11.16,broken clouds
164,Deputatskiy,RU,69.3,139.9,-11.45,97,65,5.19,broken clouds
165,Carnarvon,AU,-24.8667,113.6333,71.67,78,40,4.61,scattered clouds
166,Umm Lajj,SA,25.0213,37.2685,72.5,54,15,19.44,few clouds
167,Talnakh,RU,69.4865,88.3972,2.21,86,55,4.43,broken clouds
168,Tacuarembo,UY,-31.7333,-55.9833,77.81,51,4,9.75,clear sky
169,Itoman,JP,26.1247,127.6694,66.22,77,100,12.66,overcast clouds
170,Saint-Leu,RE,-21.15,55.2833,77.86,81,94,3.96,light rain
171,Calabozo,VE,8.9242,-67.4293,98.37,29,100,8.68,overcast clouds
172,Spencer,US,43.1414,-95.1444,30.49,46,20,9.22,few clouds
173,Kamenka,RU,51.3223,42.7678,25.02,79,100,17.58,overcast clouds
174,Salinas,US,36.6777,-121.6555,60.89,71,40,9.22,scattered clouds
175,Slatina,RO,44.4333,24.3667,59.31,42,4,6.49,clear sky
176,Uige,AO,-7.6087,15.0613,70.72,90,75,2.04,light rain
177,Atbasar,KZ,51.8,68.3333,24.55,96,99,4.38,overcast clouds
178,Matara,LK,5.9485,80.5353,78.37,87,16,6.78,few clouds
179,Bonaventure,CA,48.0457,-65.4926,41.58,70,100,9.22,overcast clouds
180,Jardim,BR,-21.4803,-56.1381,86.79,48,12,2.39,few clouds
181,Noumea,NC,-22.2763,166.4572,69.78,83,52,10.18,broken clouds
182,Chengdu,CN,30.6667,104.0667,54.0,76,6,2.89,clear sky
183,Yankton,US,42.8711,-97.3973,40.12,29,100,0.0,overcast clouds
184,Nioki,CD,-2.7167,17.6833,78.75,76,92,1.74,light rain
185,Victoria,HK,22.2855,114.1577,67.24,85,100,11.01,overcast clouds
186,Ponta Do Sol,PT,32.6667,-17.1,63.01,80,49,5.95,scattered clouds
187,Wagrowiec,PL,52.8084,17.1996,49.32,49,46,8.46,scattered clouds
188,Shimanovsk,RU,52.0,127.7,14.54,90,10,3.71,clear sky
189,Poronaysk,RU,49.2167,143.1167,28.31,79,100,12.21,overcast clouds
190,Lengshuitan,CN,26.4111,111.5956,51.35,92,97,1.34,overcast clouds
191,Lieksa,FI,63.3167,30.0167,18.1,83,99,3.29,overcast clouds
192,Arraial Do Cabo,BR,-22.9661,-42.0278,84.16,89,75,16.11,broken clouds
193,Port Said,EG,31.2565,32.2841,59.86,66,0,11.77,clear sky
194,Pemba,MZ,-12.974,40.5178,82.09,72,5,8.5,clear sky
195,Pangnirtung,CA,66.1451,-65.7125,14.0,85,20,3.44,fog
196,Buin,CL,-33.7333,-70.75,78.06,18,100,7.02,overcast clouds
197,Chato,TZ,-2.6378,31.7669,68.67,80,45,1.59,light rain
198,Tres Arroyos,AR,-38.3739,-60.2798,73.13,38,3,12.82,clear sky
199,Jati,PK,24.3539,68.2671,81.84,39,3,13.13,clear sky
200,Ribeira Grande,PT,38.5167,-28.7,64.8,63,20,16.11,few clouds
201,Churapcha,RU,62.0025,132.4325,-4.14,100,100,4.72,overcast clouds
202,Bereda,ES,43.2686,-7.5406,61.14,64,79,3.06,broken clouds
203,Acapulco,MX,16.8634,-99.8901,84.02,39,75,10.36,broken clouds
204,Ayagoz,KZ,47.9714,80.4392,30.85,96,80,19.77,light snow
205,Laramie,US,41.3114,-105.5911,66.52,19,0,15.95,clear sky
206,Santa Cruz Del Sur,CU,20.7147,-77.9956,83.21,45,49,9.86,light rain
207,Kaoma,ZM,-14.7833,24.8,67.53,93,100,4.32,overcast clouds
208,Matamoros,MX,25.5333,-103.25,80.71,9,0,10.36,clear sky
209,Jiayuguan,CN,39.8167,98.3,46.11,17,51,2.33,broken clouds
210,Rafaela,AR,-31.2503,-61.4867,83.98,30,0,1.99,clear sky
211,Karpogory,RU,64.0019,44.4451,15.37,77,100,14.34,overcast clouds
212,Sherwood,US,34.8151,-92.2243,59.99,33,75,11.5,broken clouds
213,San Jeronimo,PE,-11.9472,-75.2829,60.93,62,86,6.2,overcast clouds
214,Casas Grandes,MX,30.3667,-107.95,75.47,8,52,0.78,broken clouds
215,Nouadhibou,MR,20.931,-17.0347,67.98,77,100,9.22,overcast clouds
216,Nkan,GA,0.3833,9.7833,78.53,91,69,5.3,moderate rain
217,Norsup,VU,-16.0667,167.3833,79.02,87,94,4.38,overcast clouds
218,Okhotsk,RU,59.3833,143.3,-2.49,85,34,11.97,scattered clouds
219,Santa Rosalia,MX,27.3167,-112.2833,75.33,28,100,3.67,overcast clouds
220,Broken Hill,AU,-31.95,141.4333,66.47,61,41,3.58,scattered clouds
221,Coquimbo,CL,-29.9533,-71.3436,68.13,69,19,6.33,few clouds
222,Sitka,US,57.0531,-135.33,39.09,70,20,0.0,few clouds
223,Muroto,JP,33.2833,134.15,58.5,70,92,10.92,overcast clouds
224,Ugleuralskiy,RU,58.9534,57.5846,35.19,100,100,13.76,snow
225,Santa Vitoria Do Palmar,BR,-33.5189,-53.3681,80.49,39,12,12.44,few clouds
226,Khandyga,RU,62.6667,135.6,-17.54,100,53,1.95,broken clouds
227,Abu Samrah,SY,35.3029,37.1841,47.68,67,4,7.43,clear sky
228,Bara,NG,10.3744,10.7288,86.38,12,9,8.55,clear sky
229,Eyl,SO,7.9803,49.8164,78.26,66,38,15.17,scattered clouds
230,Kaeo,NZ,-35.1,173.7833,56.32,92,15,4.97,few clouds
231,Beyneu,KZ,45.3167,55.2,44.56,64,100,10.09,overcast clouds
232,Kysyl-Syr,RU,63.8986,122.7617,17.44,97,100,4.94,overcast clouds
233,Sompeta,IN,18.9333,84.6,80.08,88,32,11.61,scattered clouds
234,Airai,TL,-8.9266,125.4092,60.6,92,100,0.54,overcast clouds
235,Rundu,NA,-17.9333,19.7667,72.79,41,14,5.12,few clouds
236,Taboga,IT,46.2663,13.1092,61.0,44,0,2.19,clear sky
237,Ahipara,NZ,-35.1667,173.1667,58.39,82,0,4.05,clear sky
238,Ancud,CL,-41.8697,-73.8203,54.23,69,59,15.59,broken clouds
239,Luderitz,NA,-26.6481,15.1594,66.15,66,1,4.32,clear sky
240,Shingu,JP,33.7333,135.9833,51.35,66,77,7.31,broken clouds
241,Bilibino,RU,68.0546,166.4372,-7.56,100,100,1.19,overcast clouds
242,Nantucket,US,41.2835,-70.0995,51.91,65,0,21.85,clear sky
243,Touros,BR,-5.1989,-35.4608,84.61,67,97,13.0,overcast clouds
244,Vardo,NO,70.3705,31.1107,19.38,93,40,10.36,scattered clouds
245,Hami,CN,42.8,93.45,49.75,33,100,20.58,overcast clouds
246,Fredericksburg,US,38.3032,-77.4605,51.62,41,100,12.66,overcast clouds
247,Portland,US,45.5234,-122.6762,62.11,82,100,4.61,overcast clouds
248,Havre-Saint-Pierre,CA,50.2334,-63.5986,32.36,100,100,26.46,overcast clouds
249,Gazanjyk,TM,39.2446,55.5154,54.25,47,4,3.04,clear sky
250,Sinnamary,GF,5.3833,-52.95,81.27,76,99,12.3,overcast clouds
251,Eenhana,NA,-17.4667,16.3333,75.06,42,10,4.18,clear sky
252,Ossora,RU,59.2353,163.0719,13.96,95,100,4.29,light snow
253,Salalah,OM,17.0151,54.0924,82.49,51,0,1.14,clear sky
254,Cherskiy,RU,68.75,161.3,0.16,98,100,7.34,overcast clouds
255,Provideniya,RU,64.3833,-173.3,11.88,78,99,4.16,overcast clouds
256,Los Llanos De Aridane,ES,28.6585,-17.9182,64.15,84,40,10.36,scattered clouds
257,Kermanshah,IR,34.3142,47.065,45.5,29,75,16.11,broken clouds
258,Ca Mau,VN,9.1769,105.15,80.38,79,27,2.37,scattered clouds
259,Pacific Grove,US,36.6177,-121.9166,57.07,85,100,4.61,overcast clouds
260,Alta Floresta,BR,-9.8756,-56.0861,85.82,70,75,2.3,broken clouds
261,Kismayo,SO,-0.3582,42.5454,81.97,81,46,12.03,scattered clouds
262,Esperance,AU,-33.8667,121.9,63.03,69,99,12.28,overcast clouds
263,Vila Franca Do Campo,PT,37.7167,-25.4333,63.01,78,19,13.22,few clouds
264,Brockville,CA,44.5834,-75.6826,29.14,80,100,3.0,overcast clouds
265,Thompson,CA,55.7435,-97.8558,5.16,39,0,5.75,clear sky
266,Middelburg,ZA,-25.7751,29.4648,64.42,55,3,7.83,clear sky
267,Port Keats,AU,-14.25,129.55,80.71,81,100,5.21,overcast clouds
268,Montauban,FR,44.0833,1.5,57.6,58,13,7.4,few clouds
269,Laguna,US,38.421,-121.4238,66.49,65,0,8.05,clear sky
270,Bafq,IR,31.6128,55.4107,63.28,12,0,4.21,clear sky
271,Longyearbyen,SJ,78.2186,15.6401,6.64,72,20,12.66,few clouds
272,Colares,PT,38.7992,-9.4469,70.29,54,20,8.05,few clouds
273,Port Blair,IN,11.6667,92.75,80.64,94,20,2.3,mist
274,Bagdarin,RU,54.4333,113.6,7.47,63,7,8.46,clear sky
275,Lincoln,US,40.8,-96.667,41.16,32,40,6.91,scattered clouds
276,Klaksvik,FO,62.2266,-6.589,49.12,87,53,20.22,broken clouds
277,North Bend,US,43.4065,-124.2243,56.91,93,100,0.0,overcast clouds
278,Dalhousie,IN,32.5333,75.9833,54.97,30,0,8.99,clear sky
279,Tammisaari,FI,59.9736,23.4339,34.11,94,100,17.94,light snow
280,Marystown,CA,47.1666,-55.1483,40.86,100,100,8.99,overcast clouds
281,Haapiti,PF,-17.5667,-149.8667,82.13,72,13,12.62,light rain
282,Omboue,GA,-1.5746,9.2618,79.39,90,78,6.69,light rain
283,Tiznit,MA,29.5833,-9.5,79.95,16,92,11.5,overcast clouds
284,Skjervoy,NO,70.0311,20.9714,21.2,70,79,26.15,broken clouds
285,Eganville,CA,45.5334,-77.0994,19.02,56,100,12.57,overcast clouds
286,Egvekinot,RU,66.3167,-179.1667,-7.76,92,28,6.26,scattered clouds
287,Emerald,AU,-23.5333,148.1667,64.35,87,35,4.88,scattered clouds
288,Avera,US,33.194,-82.5271,65.91,27,3,17.07,clear sky
289,Tarakan,ID,3.3,117.6333,76.5,88,40,4.61,scattered clouds
290,Ambon,ID,-3.6954,128.1814,75.34,94,40,2.3,scattered clouds
291,Nanortalik,GL,60.1432,-45.2371,31.96,80,100,2.19,overcast clouds
292,Sola,VU,-13.8833,167.55,82.56,73,89,8.12,moderate rain
293,Husavik,IS,66.0449,-17.3389,27.32,68,100,7.67,overcast clouds
294,Lompoc,US,34.6391,-120.4579,64.78,70,100,17.27,haze
295,Cabo San Lucas,MX,22.8909,-109.9124,87.1,29,75,3.44,broken clouds
296,Wegorzewo,PL,54.2157,21.7372,38.61,58,99,8.59,overcast clouds
297,Arica,CL,-18.475,-70.3042,78.35,66,14,8.08,few clouds
298,Kavieng,PG,-2.5744,150.7967,80.96,78,97,6.46,light rain
299,Kaitangata,NZ,-46.2817,169.8464,49.55,95,19,2.06,few clouds
300,Otradnoye,RU,59.7775,30.8181,26.96,85,90,4.05,overcast clouds
301,Birao,CF,10.2849,22.7882,81.45,10,95,6.51,overcast clouds
302,Bronnoysund,NO,65.4625,12.1997,42.8,81,75,18.41,shower rain
303,Anadyr,RU,64.75,177.4833,-10.7,84,40,4.47,mist
304,Kabelvag,NO,68.2114,14.4817,31.53,93,75,21.85,light snow
305,Rock Springs,US,41.5875,-109.2029,66.24,26,0,6.91,clear sky
306,Melo,UY,-32.3667,-54.1833,81.66,37,8,13.89,clear sky
307,Shenzhen,CN,22.5455,114.0683,67.14,98,100,6.58,moderate rain
308,Kralendijk,BQ,12.15,-68.2667,85.98,62,75,21.85,broken clouds
309,Nishihara,JP,26.1842,127.7558,65.48,78,100,12.66,overcast clouds
310,Oytal,KZ,42.9057,73.2697,40.71,90,94,3.04,overcast clouds
311,Nome,US,64.5011,-165.4064,20.16,73,75,3.44,broken clouds
312,Ishigaki,JP,24.3448,124.1572,68.13,94,100,17.27,overcast clouds
313,Laredo,US,27.5064,-99.5075,82.69,30,0,13.8,clear sky
314,Eureka,US,40.8021,-124.1637,54.57,90,100,1.99,overcast clouds
315,Bengkulu,ID,-3.8004,102.2655,76.69,87,46,5.39,scattered clouds
316,Khani,GE,41.9563,42.9566,35.17,96,93,2.89,overcast clouds
317,Bezhetsk,RU,57.7851,36.6965,19.56,80,91,17.4,overcast clouds
318,Tucurui,BR,-3.7661,-49.6725,82.94,85,92,3.76,overcast clouds
319,Castro Verde,PT,37.6983,-8.0858,63.82,72,96,8.63,overcast clouds
320,Tarut,SA,26.5733,50.0369,66.4,41,0,18.16,clear sky
321,Halden,NO,59.1226,11.3871,55.83,78,34,7.18,scattered clouds
322,Odweyne,SO,9.4092,45.064,70.68,53,14,13.4,few clouds
323,Perth,AU,-31.9333,115.8333,66.38,75,75,14.97,broken clouds
324,Otane,NZ,-39.8833,176.6333,56.01,87,100,7.47,overcast clouds
325,Boa Vista,BR,2.8197,-60.6733,89.58,51,75,14.97,broken clouds
326,Jiuquan,CN,39.7432,98.5174,46.13,18,52,3.67,broken clouds
327,Gresham,US,45.4982,-122.4315,61.5,80,0,4.61,clear sky
328,Mehran,IR,33.1222,46.1646,60.62,26,0,13.42,clear sky
329,Tateyama,JP,34.9833,139.8667,55.09,79,98,9.04,overcast clouds
330,Uni,RU,57.7535,51.4923,27.23,97,100,9.46,light snow
331,Bessemer,US,33.4018,-86.9544,64.62,27,0,9.22,clear sky
332,Tynda,RU,55.1667,124.7167,9.37,97,96,1.99,overcast clouds
333,Ocos,GT,14.5094,-92.1933,89.78,66,97,6.29,overcast clouds
334,Sorland,NO,67.667,12.6934,37.26,78,98,26.24,overcast clouds
335,Tura,IN,25.5198,90.2201,71.82,51,13,4.52,few clouds
336,Flinders,AU,-34.5833,150.8552,68.38,94,96,5.99,overcast clouds
337,Fairfield,US,41.2668,-73.3162,45.68,51,100,17.27,overcast clouds
338,Sar-E Pul,AF,35.8333,66.1667,46.45,64,8,0.63,clear sky
339,Sioux Lookout,CA,50.1001,-91.917,8.67,43,0,9.22,clear sky
340,Trier,DE,49.7557,6.6394,61.63,67,0,4.43,clear sky
341,San Policarpo,PH,12.1791,125.5072,80.17,83,86,11.79,overcast clouds
342,Lethem,GY,3.3803,-59.7968,84.11,59,100,6.55,overcast clouds
343,Veraval,IN,20.9,70.3667,78.91,74,5,13.38,clear sky
344,Jiquilpan,MX,19.7798,-103.7768,84.9,12,13,6.22,few clouds
345,Natal,BR,-5.795,-35.2094,84.85,83,40,14.97,scattered clouds
346,Shimoda,JP,34.6667,138.95,54.1,69,82,12.03,broken clouds
347,Namtsy,RU,62.7161,129.6658,3.96,99,100,3.89,overcast clouds
348,Zhanaozen,KZ,43.3,52.8,43.77,88,100,9.89,overcast clouds
349,Labuhan,ID,-6.8844,112.2051,77.86,89,97,6.53,overcast clouds
350,Saint-Joseph,RE,-21.3667,55.6167,77.38,86,89,8.88,overcast clouds
351,Paragominas,BR,-2.9667,-47.4833,82.42,85,95,4.72,moderate rain
352,Tual,ID,-5.6667,132.75,79.9,79,100,13.15,moderate rain
353,Taltal,CL,-25.4,-70.4833,71.51,64,10,8.88,clear sky
354,Baykit,RU,61.67,96.37,8.06,94,100,5.95,overcast clouds
355,Neiafu,TO,-18.65,-173.9833,75.88,100,40,0.0,scattered clouds
356,Port Macquarie,AU,-31.4333,152.9167,66.09,100,75,0.0,broken clouds
357,Krynychky,UA,48.3755,34.467,32.92,46,73,16.28,broken clouds
358,Pendleton,US,45.6721,-118.7886,60.94,63,0,4.61,clear sky
359,Chabua,IN,27.4825,95.1736,70.79,62,0,4.81,clear sky
360,Sao Joao Da Barra,BR,-21.6403,-41.0511,89.69,76,2,13.2,clear sky
361,Bastia,FR,42.6667,9.3333,58.8,55,0,2.3,clear sky
362,Bolshoye Murashkino,RU,55.7826,44.7754,22.91,89,100,16.37,overcast clouds
363,Ngunguru,NZ,-35.6167,174.5,60.84,81,61,5.1,broken clouds
364,Kelvington,CA,52.1667,-103.5343,12.49,78,98,13.73,overcast clouds
365,Tuatapere,NZ,-46.1333,167.6833,50.54,94,9,2.75,clear sky
366,Saint-Gabriel,CA,46.3001,-73.3824,30.42,78,100,9.24,overcast clouds
367,Lata,PT,40.1629,-8.3327,67.82,54,87,8.46,overcast clouds
368,Meadow Lake,US,34.8014,-106.5436,75.49,13,95,5.5,overcast clouds
369,Abalak,RU,58.1286,68.5944,13.6,94,64,9.19,broken clouds
370,Karachi,PK,24.9056,67.0822,80.42,44,2,6.91,clear sky
371,Tigil,RU,57.8,158.6667,19.98,81,100,13.98,overcast clouds
372,Saldanha,ZA,-33.0117,17.9442,68.05,76,31,5.06,scattered clouds
373,Kahului,US,20.8947,-156.47,74.97,56,0,0.0,clear sky
374,Usinsk,RU,65.9939,57.5281,22.68,96,100,9.08,snow
375,Serdobsk,RU,52.4586,44.2169,24.04,87,99,14.56,overcast clouds
376,Kavaratti,IN,10.5669,72.642,83.12,70,0,5.84,clear sky
377,Amapa,BR,1.0,-52.0,75.09,98,100,4.27,overcast clouds
378,Soe,ID,-9.8607,124.284,64.74,92,92,2.86,overcast clouds
379,Dzaoudzi,YT,-12.7887,45.2699,78.69,89,0,3.44,clear sky
380,Raudeberg,NO,61.9875,5.1352,46.87,86,88,24.25,overcast clouds
381,Srednekolymsk,RU,67.45,153.6833,-11.76,100,95,4.21,overcast clouds
382,Lebu,CL,-37.6167,-73.65,61.12,66,49,9.93,scattered clouds
383,Ketchikan,US,55.3422,-131.6461,45.07,70,20,10.36,few clouds
384,Jinchang,CN,38.4953,102.1739,47.37,23,53,6.35,broken clouds
385,Torbay,CA,47.6666,-52.7314,43.29,90,100,17.27,light rain
386,Abilene,US,32.4487,-99.7331,88.09,9,0,24.16,clear sky
387,Kloulklubed,PW,7.0419,134.2556,79.3,80,99,17.16,overcast clouds
388,Ilo,PE,-17.6394,-71.3375,73.0,70,25,9.35,scattered clouds
389,Mabamba,TZ,-3.5983,30.5019,67.05,84,70,1.72,broken clouds
390,Kaiyuan,CN,23.6977,103.3037,56.41,87,98,3.38,overcast clouds
391,Katghora,IN,22.5,82.55,72.88,12,98,4.18,overcast clouds
392,Tabuk,PH,17.4189,121.4443,73.8,88,52,2.77,broken clouds
393,Roald,NO,62.5833,6.1333,49.33,76,75,29.93,broken clouds
394,Paamiut,GL,61.994,-49.6678,30.78,72,97,2.82,overcast clouds
395,Parrita,CR,9.5201,-84.3225,86.36,60,87,7.74,overcast clouds
396,Karasjok,NO,69.4719,25.5112,3.76,97,32,4.09,scattered clouds
397,Buraydah,SA,26.326,43.975,64.85,23,0,8.79,clear sky
398,San Quintin,MX,30.4833,-115.95,65.01,63,35,7.67,scattered clouds
399,Freeport,US,40.6576,-73.5832,47.97,46,100,18.41,overcast clouds
400,Coroata,BR,-4.13,-44.1242,83.79,84,95,3.15,overcast clouds
401,Sheregesh,RU,52.9209,87.9869,20.34,89,100,4.27,overcast clouds
402,Kolondieba,ML,11.0882,-6.8926,99.39,22,79,5.95,broken clouds
403,Santa Rosa,PH,14.3122,121.1114,82.09,76,33,6.51,scattered clouds
404,Pansemal,IN,21.65,74.7,91.83,16,3,11.01,clear sky
405,Alofi,NU,-19.0595,-169.9187,78.69,89,99,10.36,overcast clouds
406,Coahuayana,MX,18.7333,-103.6833,91.22,20,60,6.33,broken clouds
407,Balkanabat,TM,39.5108,54.3671,53.24,49,30,2.3,scattered clouds
408,San Pedro,PH,14.35,121.0167,81.32,77,20,2.3,few clouds
409,Gat,IL,31.61,34.7642,57.88,100,1,5.06,clear sky
410,Fairbanks,US,64.8378,-147.7164,30.24,82,0,0.0,clear sky
411,Brae,GB,60.3964,-1.353,48.15,84,28,17.34,scattered clouds
412,Devils Lake,US,48.1128,-98.8651,17.94,50,100,9.22,overcast clouds
413,Samarai,PG,-10.6167,150.6667,81.39,79,91,6.26,overcast clouds
414,Aripuana,BR,-9.1667,-60.6333,81.77,89,91,1.41,overcast clouds
415,Fortuna,US,40.5982,-124.1573,54.93,93,40,9.22,scattered clouds
416,Papagaios,BR,-19.4492,-44.7478,81.9,61,29,3.49,scattered clouds
417,Iberia,US,29.9502,-91.7507,80.06,57,20,11.5,few clouds
418,Moerai,PF,-22.4333,-151.3333,79.97,75,87,9.55,overcast clouds
419,Dabhol,IN,17.6,73.1667,76.39,85,36,2.53,scattered clouds
420,Bosaso,SO,11.2842,49.1816,77.56,65,5,1.19,clear sky
421,Severo-Kurilsk,RU,50.6789,156.125,32.61,90,98,13.69,overcast clouds
422,Muscat,OM,23.6139,58.5922,82.42,41,0,8.16,clear sky
423,Majene,ID,-3.5403,118.9707,78.28,82,99,3.51,overcast clouds
424,Humaita,BR,-7.5061,-63.0208,80.35,82,100,1.45,overcast clouds
425,Maniitsoq,GL,65.4167,-52.9,29.7,74,20,4.14,few clouds
426,Misratah,LY,32.3754,15.0925,66.69,53,100,25.26,overcast clouds
427,Mushabani,IN,22.5167,86.45,78.19,64,85,3.15,overcast clouds
428,Nizhniy Kuranakh,RU,58.8353,125.4869,10.9,92,91,3.24,overcast clouds
429,Rudnyy,KZ,52.9594,63.1206,15.8,92,14,10.22,few clouds
430,Kikwit,CD,-5.041,18.8162,78.58,77,80,2.68,broken clouds
431,Vanimo,PG,-2.6741,141.3028,77.43,84,97,5.79,overcast clouds
432,Port Lincoln,AU,-34.7333,135.8667,64.51,74,100,7.72,overcast clouds
433,Sri Aman,MY,1.2376,111.4621,73.45,94,100,2.3,overcast clouds
434,Ravar,IR,31.2656,56.8055,59.76,13,0,0.6,clear sky
435,San Cristobal,VE,7.7669,-72.225,75.38,58,99,6.38,overcast clouds
436,Smithers,CA,54.7804,-127.1743,34.12,86,100,2.3,overcast clouds
437,Sorong,ID,-0.8833,131.25,80.26,81,96,1.59,overcast clouds
438,Visnes,NO,59.3556,5.2242,44.98,93,0,8.05,clear sky
439,Cassilandia,BR,-19.1133,-51.7342,86.25,56,98,3.69,overcast clouds
440,Alyangula,AU,-13.8483,136.4192,80.65,78,100,5.75,overcast clouds
441,Lisakovsk,KZ,52.5369,62.4936,17.53,92,11,10.85,few clouds
442,Alexandria,EG,31.2156,29.9553,58.3,63,0,10.4,clear sky
443,Macenta,GN,8.5435,-9.471,71.47,92,93,3.76,moderate rain
444,Mogzon,RU,51.7435,111.9606,4.64,99,48,2.51,scattered clouds
445,Buriti Bravo,BR,-5.8372,-43.8336,82.13,82,67,5.37,broken clouds
446,Sulina,RO,45.1559,29.6536,45.57,41,51,6.26,broken clouds
447,Cuamba,MZ,-14.8031,36.5372,71.28,95,100,3.36,moderate rain
448,Etchoropo,MX,26.7667,-109.6667,79.02,25,64,9.13,broken clouds
449,Constitucion,CL,-35.3333,-72.4167,67.42,57,52,16.28,broken clouds
450,Conceicao Do Araguaia,BR,-8.2578,-49.2647,85.71,69,99,4.72,overcast clouds
451,Tawau,MY,4.2498,117.8871,75.33,86,83,2.98,broken clouds
452,Viransehir,TR,37.2353,39.7631,41.59,77,27,4.85,scattered clouds
453,Ust-Kuyga,RU,70.0167,135.6,-11.58,100,100,6.33,overcast clouds
454,Haines Junction,CA,60.7522,-137.5108,21.15,58,76,3.44,broken clouds
455,Clyde River,CA,70.4692,-68.5914,-1.97,78,100,8.05,overcast clouds
456,Port-Gentil,GA,-0.7193,8.7815,82.36,89,75,10.36,broken clouds
457,La Tuque,CA,47.4334,-72.7824,25.05,68,100,11.5,overcast clouds
458,Resistencia,AR,-27.4606,-58.9839,90.09,43,20,3.44,few clouds
459,Hambantota,LK,6.1241,81.1185,77.34,100,0,4.61,clear sky
460,Bubaque,GW,11.2833,-15.8333,76.89,67,77,19.08,broken clouds
461,Inuvik,CA,68.3499,-133.7218,2.26,51,0,5.75,clear sky
462,Santa Isabel Do Rio Negro,BR,-0.4139,-65.0192,81.3,75,100,3.11,overcast clouds
463,Sao Felix Do Xingu,BR,-6.6447,-51.995,83.28,83,100,3.04,overcast clouds
464,Burnie,AU,-41.0667,145.9167,59.94,98,98,7.63,moderate rain
465,Tilichiki,RU,60.4667,166.1,-2.43,95,69,8.75,broken clouds
466,Severnoye,RU,56.3491,78.3619,8.6,95,74,6.24,broken clouds
467,Dedougou,BF,12.4667,-3.4667,101.03,8,72,9.95,broken clouds
468,Zhezkazgan,KZ,47.8043,67.7144,22.64,95,80,5.82,broken clouds
469,Yulara,AU,-25.2406,130.9889,67.84,22,39,6.91,scattered clouds
470,Zuenoula,CI,7.4292,-6.0431,93.06,38,78,6.67,broken clouds
471,Bandarbeyla,SO,9.4942,50.8122,78.93,72,2,15.21,clear sky
472,Balikpapan,ID,-1.2675,116.8289,76.19,94,20,0.0,few clouds
473,Margate,GB,51.3813,1.3862,46.69,84,4,5.01,clear sky
474,Rio Grande,BR,-32.035,-52.0986,84.31,49,7,5.97,clear sky
475,Bilma,NE,18.6853,12.9164,80.62,7,13,6.67,few clouds
476,Sao Filipe,CV,14.8961,-24.4956,71.04,73,82,12.06,broken clouds
477,Chiang Klang,TH,19.2938,100.8617,78.66,50,22,1.28,few clouds
478,Polson,US,47.6936,-114.1632,55.49,63,96,1.95,overcast clouds
479,Hede,CN,33.7681,120.2517,43.5,69,100,6.17,overcast clouds
480,Grindavik,IS,63.8424,-22.4338,39.67,93,100,18.41,overcast clouds
481,Tessalit,ML,20.1986,1.0114,93.74,8,72,8.34,broken clouds
482,Erenhot,CN,43.6475,111.9767,37.74,29,56,15.97,broken clouds
483,Trimbak,IN,19.9333,73.55,78.66,43,62,0.31,broken clouds
484,Lebanon,US,36.2081,-86.2911,51.84,40,0,8.05,clear sky
485,Christchurch,NZ,-43.5333,172.6333,57.94,87,1,3.44,clear sky
486,Baculin,PH,7.4525,126.5842,75.7,89,97,3.89,overcast clouds
487,Krasnoyarskiy,RU,51.965,59.8967,25.66,93,13,14.41,few clouds
488,Naryan-Mar,RU,67.6713,53.087,8.11,93,100,18.86,light snow
489,Benguela,AO,-12.5763,13.4055,77.88,83,97,6.02,light rain
490,Jumla,NP,29.2747,82.1838,48.02,49,2,2.57,clear sky
491,Bloomington,US,44.8408,-93.2983,28.33,35,0,9.22,clear sky
492,Saint-Pierre,RE,-21.3393,55.4781,78.48,83,0,3.44,clear sky
493,Mpika,ZM,-11.8343,31.4529,64.42,96,78,3.2,broken clouds
494,Mayo,US,38.8876,-76.5119,45.25,48,100,17.27,overcast clouds
495,Buala,SB,-8.145,159.5921,79.32,84,100,4.56,light rain
496,Pemberton,CA,50.3164,-122.8027,44.29,100,100,2.13,overcast clouds
497,Pokhara,NP,28.2333,83.9833,68.14,22,0,7.61,clear sky
498,Poso,ID,-1.3959,120.7524,77.97,80,100,4.54,light rain
499,Kisangani,CD,0.5167,25.2,76.68,73,85,3.67,overcast clouds
500,Freetown,SL,8.484,-13.2299,83.91,70,78,8.05,haze
501,Xichang,CN,27.8964,102.2634,48.34,87,23,2.84,few clouds
502,Manado,ID,1.487,124.8455,75.97,100,20,0.0,few clouds
503,Puerto Baquerizo Moreno,EC,-0.9,-89.6,81.59,78,75,9.22,broken clouds
504,Kampot,KH,10.6167,104.1833,80.65,82,36,2.53,scattered clouds
505,Tukums,LV,56.9669,23.1553,34.95,65,100,11.23,overcast clouds
506,Inhambane,MZ,-23.865,35.3833,75.18,94,40,3.44,scattered clouds
507,Taybad,IR,34.74,60.7756,52.48,47,0,8.61,clear sky
508,Dicabisagan,PH,17.0818,122.4157,77.11,87,14,1.1,few clouds
509,Conde,BR,-7.2597,-34.9075,81.86,89,40,12.66,scattered clouds
510,Neon Karlovasion,GR,37.7903,26.7044,57.9,59,6,5.3,clear sky
511,Granada,ES,37.25,-3.25,55.35,65,65,4.29,broken clouds
512,Mbekenyera,TZ,-10.0,38.9833,72.72,95,17,3.83,few clouds
513,Kayankulam,IN,9.1833,76.5,79.97,80,20,1.92,few clouds
514,Hobyo,SO,5.3505,48.5268,81.01,62,84,14.99,broken clouds
515,Atar,MR,20.5169,-13.0499,91.67,9,59,15.19,broken clouds
516,Fort Nelson,CA,58.8053,-122.7002,20.79,63,75,3.44,broken clouds
517,Peleduy,RU,59.6289,112.7406,14.2,93,88,8.3,overcast clouds
518,Callaguip,PH,18.0714,120.4867,80.62,89,20,2.3,few clouds
519,Dalgopol,BG,43.05,27.35,44.98,53,24,4.97,few clouds
520,Tsurugi,JP,36.45,136.6333,47.25,69,81,8.7,broken clouds
521,Azuaga,ES,38.2667,-5.6833,58.96,62,91,5.3,overcast clouds
522,Shenjiamen,CN,29.9576,122.298,50.85,87,100,11.81,overcast clouds
523,Bejar,ES,40.3864,-5.7634,52.57,71,100,3.74,overcast clouds
524,Tambura,SS,5.6,27.4667,80.71,16,55,4.47,broken clouds
525,Pallapatti,IN,11.6593,78.1342,81.43,63,34,4.09,scattered clouds
526,Tripoli,LY,32.8752,13.1875,66.29,59,100,10.47,overcast clouds
527,Ladson,US,32.9857,-80.1098,69.85,20,0,18.41,clear sky
528,Babu,CN,24.4167,111.5167,53.53,89,93,4.81,overcast clouds
529,Broome,US,42.2506,-75.833,33.39,72,100,17.27,overcast clouds
530,Manaus,BR,-3.1019,-60.025,86.49,74,75,4.61,moderate rain
531,Rotifunk,SL,8.2333,-12.6833,84.9,59,75,9.01,broken clouds
532,Seoul,KR,37.5683,126.9778,36.84,62,0,2.3,clear sky
533,Fiche,ET,9.8,38.7333,56.39,46,57,7.67,broken clouds
534,Bulgan,MN,48.8125,103.5347,32.45,33,100,2.55,overcast clouds
535,Huangchuan,CN,32.1272,115.0394,48.56,83,75,9.06,broken clouds
536,Elban,RU,50.1018,136.5094,16.23,91,100,2.93,overcast clouds
537,Tocache,PE,-8.1842,-76.5125,84.33,65,100,1.7,overcast clouds
538,Nhulunbuy,AU,-12.2333,136.7667,77.61,100,75,1.14,broken clouds
539,Yumaguzino,RU,52.9041,56.3933,34.79,94,100,18.52,light snow
540,Tabou,CI,4.423,-7.3528,82.62,76,90,7.4,overcast clouds
541,Shitkino,RU,56.3703,98.3543,6.58,98,53,4.61,broken clouds
542,Doba,TD,8.65,16.85,88.77,10,52,4.85,broken clouds
543,Krasnaya Gorbatka,RU,55.8703,41.7641,23.0,82,100,15.08,overcast clouds
544,Kars,TR,40.602,43.095,23.45,74,40,5.75,scattered clouds
545,Whitehorse,CA,60.7161,-135.0538,27.81,58,75,3.44,broken clouds
546,Takoradi,GH,4.8845,-1.7554,82.9,77,30,10.51,scattered clouds
547,Vestmannaeyjar,IS,63.4427,-20.2734,47.39,93,100,8.05,fog
548,Surt,LY,31.2089,16.5887,72.66,21,48,20.51,scattered clouds
549,Batsfjord,NO,70.6345,29.7185,21.13,76,89,6.76,light snow
550,Namibe,AO,-15.1961,12.1522,74.1,69,97,17.11,overcast clouds
551,Poum,NC,-20.2333,164.0167,80.24,75,60,14.52,broken clouds
552,Antalaha,MG,-14.9003,50.2788,76.96,88,19,3.6,few clouds
553,Bac Lieu,VN,9.285,105.7244,82.87,71,30,4.03,scattered clouds
554,Belaya Gora,RU,68.5333,146.4167,-17.82,100,65,5.44,broken clouds
555,Latung,PH,5.5,120.8833,81.54,73,99,3.15,overcast clouds
556,Tymovskoye,RU,50.8456,142.655,20.19,92,100,12.3,light snow
557,Borogontsy,RU,62.6683,131.1683,1.02,99,100,5.48,overcast clouds
558,Thaba-Tseka,LS,-29.522,28.6084,53.15,54,11,5.17,few clouds
559,Te Anau,NZ,-45.4167,167.7167,50.99,91,13,1.03,few clouds
560,Kuryk,KZ,43.2,51.65,45.46,93,87,8.9,overcast clouds
561,Vilyuysk,RU,63.7553,121.6247,6.87,99,100,1.34,overcast clouds
562,Bonthe,SL,7.5264,-12.505,83.21,69,63,10.63,broken clouds
563,Valleyview,CA,55.0667,-117.2859,30.24,80,97,2.3,overcast clouds
564,Cartagena,CO,10.3997,-75.5144,87.42,66,40,20.71,scattered clouds
565,Ayacucho,PE,-13.1583,-74.2239,69.66,52,75,2.3,broken clouds
566,Katangli,RU,51.7102,143.2326,19.83,90,100,27.63,light snow
567,Port Hedland,AU,-20.3167,118.5667,82.45,78,100,5.75,overcast clouds
568,Lakhdenpokhya,RU,61.5198,30.1992,20.64,86,91,3.71,overcast clouds
569,Solnechnyy,RU,50.7214,136.6319,16.23,81,100,9.37,overcast clouds
570,Vernon,CA,50.2581,-119.2691,53.24,73,100,0.78,overcast clouds
571,Sept-Iles,CA,50.2001,-66.3821,36.05,89,100,2.3,mist
572,Walvis Bay,NA,-22.9575,14.5053,63.09,82,18,6.87,few clouds
573,Mangrol,IN,21.1167,70.1167,78.85,73,5,12.08,clear sky
574,Port Augusta,AU,-32.5,137.7667,68.59,51,81,7.36,broken clouds
575,San Ramon,US,37.7799,-121.978,64.26,65,0,8.05,clear sky
576,Khuzhir,RU,53.1939,107.3397,13.89,80,33,6.22,scattered clouds
577,Sechura,PE,-5.5569,-80.8222,83.71,53,100,9.53,overcast clouds
578,Vao,NC,-22.6667,167.4833,76.44,71,76,17.69,broken clouds
579,Mehriz,IR,31.5917,54.4318,54.1,11,0,2.46,clear sky
580,Nerchinskiy Zavod,RU,51.3088,119.61,18.03,82,71,5.84,broken clouds
581,Akdepe,TM,42.0551,59.3788,46.49,48,47,5.77,scattered clouds
582,Wageningen,NL,51.9667,5.6667,57.94,62,0,4.61,clear sky
583,Saint Paul,US,44.9444,-93.0933,28.78,33,0,11.5,clear sky
584,Port Hardy,CA,50.6996,-127.4199,46.58,93,100,6.91,light rain
585,Glen Allen,US,37.666,-77.5064,53.02,36,75,11.5,broken clouds
586,Muisne,EC,0.6,-80.0333,82.51,70,87,5.79,light rain
587,Mazagao,BR,-0.115,-51.2894,78.85,92,100,5.3,heavy intensity rain
588,Oranjemund,NA,-28.55,16.4333,64.92,66,0,2.44,clear sky
589,Coihaique,CL,-45.5752,-72.0662,49.95,81,100,10.36,light rain
590,Marovoay,MG,-16.1,46.6333,78.31,91,94,4.45,light rain
591,Redlands,US,34.0556,-117.1825,75.54,46,40,0.0,haze
592,Merrill,US,45.1805,-89.6835,24.57,38,0,12.66,clear sky
593,Villazon,BO,-22.0866,-65.5942,65.55,16,0,3.98,clear sky
594,Lavrentiya,RU,65.5833,-171.0,8.47,82,100,4.29,overcast clouds
595,La Paz,BO,-16.5,-68.15,60.78,54,75,10.36,broken clouds
596,Carroll,US,39.5501,-77.0164,41.31,43,100,19.57,overcast clouds
597,Grand Gaube,MU,-20.0064,57.6608,79.2,84,18,1.99,few clouds
598,Gandiaye,SN,14.2333,-16.2667,98.47,15,75,11.03,broken clouds
599,Strelka,RU,58.0728,93.0344,1.15,100,73,2.3,broken clouds
600,Lucapa,AO,-8.4192,20.7447,71.85,86,99,3.74,overcast clouds
601,Zhigansk,RU,66.7697,123.3711,-6.57,100,98,2.37,overcast clouds
602,Pasighat,IN,28.0667,95.3333,69.71,67,0,3.85,clear sky
603,Wajir,KE,1.7471,40.0573,89.56,51,75,0.0,broken clouds
604,Rangia,IN,26.4667,91.6333,76.95,33,2,2.3,clear sky
605,Boddam,GB,57.4667,-1.7833,51.44,84,7,0.85,clear sky
606,Ergani,TR,38.2653,39.7621,33.33,77,2,5.28,clear sky
607,Kawalu,ID,-7.3817,108.2082,73.38,95,99,3.06,overcast clouds
608,Liverpool,GB,53.4106,-2.9779,59.65,72,75,6.91,broken clouds
609,Opuwo,NA,-18.0607,13.84,74.91,32,9,2.35,clear sky
610,Rapar,IN,23.5667,70.6333,85.14,27,3,14.76,clear sky
611,Pisco,PE,-13.7,-76.2167,77.05,57,0,5.75,clear sky
612,Ilebo,CD,-4.3167,20.5833,79.75,68,98,0.81,overcast clouds
613,Tubuala,PA,9.5167,-79.0333,79.79,81,63,11.48,broken clouds
614,Presidencia Roque Saenz Pena,AR,-26.7852,-60.4388,88.47,31,0,4.45,clear sky
615,Kieta,PG,-6.2167,155.6333,78.91,83,100,1.68,overcast clouds
616,Berezhany,UA,49.45,24.9333,36.95,45,49,6.04,scattered clouds
617,Longavi,CL,-35.9667,-71.6833,79.02,20,29,9.86,scattered clouds
618,Esik,KZ,43.3552,77.4525,38.62,82,99,5.66,overcast clouds
619,Kaberamaido,UG,1.7389,33.1594,73.15,76,96,2.06,light rain
620,Verkhnevilyuysk,RU,63.4453,120.3167,13.6,99,99,2.84,overcast clouds
621,Saint Anthony,US,45.0205,-93.218,28.15,33,0,11.5,clear sky
622,Ukiah,US,39.1502,-123.2078,61.38,74,0,10.36,clear sky
623,Zyryanovsk,KZ,49.7386,84.2719,33.76,99,100,5.1,light snow
624,Alice Springs,AU,-23.7,133.8833,69.22,32,0,0.0,clear sky
625,Bone,DE,51.9669,12.1396,54.86,65,18,3.76,few clouds
626,Springbok,ZA,-29.6643,17.8865,73.0,24,0,4.97,clear sky
627,Ismailia,EG,30.6043,32.2723,59.23,57,0,10.83,clear sky
628,Iralaya,HN,15.0,-83.2333,83.5,57,26,11.39,scattered clouds
629,Coos Bay,US,43.3665,-124.2179,56.98,91,100,3.44,overcast clouds
630,Poya,NC,-21.35,165.15,73.99,86,62,4.0,broken clouds
631,Trairi,BR,-3.2778,-39.2689,83.5,75,100,10.63,overcast clouds
632,Elizabeth City,US,36.2946,-76.2511,56.01,45,75,17.27,broken clouds
633,San Ignacio,BZ,17.1561,-89.0714,80.74,57,0,6.91,clear sky
634,Kununurra,AU,-15.7667,128.7333,75.18,94,98,1.14,overcast clouds
635,West Bay,KY,19.3667,-81.4167,82.47,69,75,16.11,broken clouds
636,Shar,KZ,49.5886,81.0453,33.26,91,100,17.29,snow
637,Yining,CN,29.0361,114.5636,51.4,93,100,1.88,overcast clouds
638,Indiaroba,BR,-11.5192,-37.5117,83.37,69,84,7.61,broken clouds
639,Bocicoiu Mare,RO,47.9667,24.0,39.79,54,11,2.39,few clouds
640,Kakonko,TZ,-3.2828,30.9642,65.39,90,99,2.71,overcast clouds
641,Necochea,AR,-38.5473,-58.7368,67.53,59,0,18.07,clear sky
642,Tongren,CN,27.7172,109.1853,50.76,89,11,1.03,few clouds
643,Lakatoro,VU,-16.0999,167.4164,79.02,86,93,4.43,overcast clouds
644,Molodizhne,UA,48.1773,32.6601,33.64,42,76,12.68,broken clouds
645,Burhar,IN,23.2167,81.5333,72.61,12,76,3.36,broken clouds
646,San Martin,AR,-33.081,-68.4681,82.94,16,0,9.01,clear sky
647,Kaka,TM,37.3482,59.6143,52.93,43,0,6.89,clear sky
648,Sabha,LY,27.0377,14.4283,70.81,8,0,11.88,clear sky
649,Palmerston,AU,-12.486,130.9833,76.98,94,100,1.14,overcast clouds
650,Taitung,TW,22.7583,121.1444,69.87,87,93,10.65,overcast clouds
651,Mapiripan,CO,2.8892,-72.1256,82.63,78,92,7.2,light rain
652,Bergen,NO,60.392,5.328,47.08,93,75,6.91,broken clouds
653,Quesnel,CA,52.9999,-122.5029,36.1,93,100,8.05,light rain
654,Gualaquiza,EC,-3.4,-78.55,73.4,84,100,2.8,light rain
655,Jackson,US,42.4165,-122.8345,57.04,71,0,3.44,clear sky
656,Daru,PG,-9.0763,143.2092,76.6,91,100,2.62,overcast clouds
657,Zhob,PK,31.3411,69.4481,69.1,18,0,4.07,clear sky
658,Sovetskaya Gavan,RU,48.9723,140.2878,26.69,70,100,15.01,overcast clouds
659,Kabala,SL,9.5833,-11.55,90.16,37,100,8.99,overcast clouds
660,Teknaf,BD,20.8624,92.3058,77.31,89,15,0.43,few clouds
661,Elkhart,US,41.5823,-85.8344,30.38,62,100,18.41,overcast clouds
662,Turukhansk,RU,65.8167,87.9833,-11.78,100,100,4.0,overcast clouds
663,Malanville,BJ,11.8685,3.3899,92.7,9,5,8.66,clear sky
664,Dunedin,NZ,-45.8742,170.5036,59.81,91,0,8.01,clear sky
665,Yabelo,ET,4.8833,38.0833,67.12,54,39,5.37,scattered clouds
666,Morondava,MG,-20.2833,44.2833,81.52,79,26,8.81,scattered clouds
667,Lichuan,CN,30.3,108.85,43.52,90,12,2.98,few clouds
668,Tautira,PF,-17.7333,-149.15,81.48,75,63,15.03,light rain
669,La Ronge,CA,55.1001,-105.2842,17.82,32,100,14.97,overcast clouds
670,Mareeba,AU,-17.0,145.4333,70.52,97,100,2.24,overcast clouds
671,Martil,MA,35.6166,-5.2752,60.76,77,75,18.41,broken clouds
672,Naze,JP,28.3667,129.4833,59.92,63,98,12.53,overcast clouds
673,Hirara,JP,24.8,125.2833,68.74,81,100,21.56,overcast clouds
674,Flin Flon,CA,54.7682,-101.865,12.04,31,75,8.05,broken clouds
675,Nybro,SE,56.7446,15.9071,49.01,74,64,9.28,broken clouds
676,Altay,CN,47.8667,88.1167,30.67,97,99,0.54,snow
677,Victor Harbor,AU,-35.5667,138.6167,62.01,75,21,5.12,few clouds
678,Elva,EE,58.2225,26.4211,30.83,43,100,5.75,overcast clouds
679,Bonavista,CA,48.6499,-53.1147,31.77,91,100,13.76,light snow
680,Ciocile,RO,44.8167,27.2333,48.22,28,71,12.15,broken clouds
681,Chimbote,PE,-9.0853,-78.5783,76.57,66,87,10.8,overcast clouds
682,Providencia,MX,28.7167,-111.5833,86.2,15,100,8.43,overcast clouds
683,Qixingtai,CN,30.4135,111.8874,53.1,79,0,2.01,clear sky
684,Sobolevo,RU,54.4299,31.8996,23.95,63,94,13.13,overcast clouds
685,Monrovia,LR,6.3005,-10.7969,83.97,82,100,10.54,overcast clouds
686,Manitouwadge,CA,49.1215,-85.8403,8.67,58,100,12.95,overcast clouds
687,San Joaquin,US,37.9333,-121.3011,69.51,53,0,3.44,clear sky
688,Okha,RU,53.5739,142.9478,14.86,87,100,21.18,overcast clouds
689,Hofn,IS,64.2539,-15.2082,35.17,71,100,12.26,overcast clouds
690,Northam,GB,51.0333,-4.2167,56.61,73,0,7.25,clear sky
691,Lubango,AO,-14.9172,13.4925,63.19,62,100,2.55,overcast clouds
692,Quatre Cocos,MU,-20.2078,57.7625,78.91,75,5,8.43,clear sky
693,Marawi,PH,7.9986,124.2928,67.35,93,64,2.17,broken clouds
694,Atambua,ID,-9.1061,124.8925,73.2,89,90,1.59,overcast clouds
695,Xining,CN,36.6167,101.7667,38.98,31,11,0.54,few clouds
696,Ibra,OM,22.6906,58.5334,80.19,27,2,5.77,clear sky
697,Sulangan,PH,11.1373,123.7228,80.49,82,80,11.16,broken clouds
698,Mwinilunga,ZM,-11.7358,24.4293,62.51,99,100,4.94,light rain
699,Cervignano Del Friuli,IT,45.8211,13.3381,60.84,65,0,3.44,clear sky
700,Mildura,AU,-34.2,142.15,62.56,63,88,0.0,overcast clouds
701,Loubomo,CG,-4.1997,12.6739,74.93,93,16,3.51,light rain
702,Cao Bang,VN,22.6667,106.25,61.47,93,97,1.45,overcast clouds
703,Oranjestad,AW,12.524,-70.027,85.95,62,40,21.85,scattered clouds
704,La Palma,US,33.8464,-118.0467,70.92,61,40,8.05,scattered clouds
705,Gamba,GA,-2.65,10.0,79.72,92,18,5.7,light rain
706,Codrington,AU,-38.2667,141.9667,63.75,80,100,7.63,light rain
707,Beloha,MG,-25.1667,45.05,72.34,91,99,11.21,overcast clouds
708,Saint-Jean-De-Braye,FR,47.913,1.9771,63.91,43,0,8.05,clear sky
709,Tutin,RS,42.9903,20.3314,41.4,75,7,3.53,clear sky
710,Kutum,SD,14.2,24.6667,68.02,9,2,15.37,clear sky
711,Praya,CV,14.9215,-23.5087,75.74,57,75,14.97,broken clouds
712,Saqqez,IR,36.2499,46.2735,33.58,77,8,4.92,clear sky
713,Taoudenni,ML,22.6783,-3.9836,91.67,17,6,3.44,clear sky
714,Imbituba,BR,-28.24,-48.6703,74.71,67,8,6.55,clear sky
715,Outjo,NA,-20.1167,16.15,71.13,33,5,5.44,clear sky
716,Praia Da Vitoria,PT,38.7333,-27.0667,65.75,77,20,12.84,few clouds
717,Notse,TG,6.95,1.1667,85.55,63,77,10.56,broken clouds
718,Kanungu,UG,-0.9575,29.7897,62.29,85,45,3.09,scattered clouds
719,Neftcala,AZ,39.3742,49.2472,46.87,73,1,12.01,clear sky
720,Polunochnoye,RU,60.8697,60.4153,27.48,95,100,13.02,overcast clouds
721,Varva,UA,50.495,32.7197,31.14,42,83,13.09,broken clouds
722,Abong Mbang,CM,3.9833,13.1833,81.23,32,50,2.57,scattered clouds
723,Launceston,AU,-41.45,147.1667,61.16,95,99,4.61,fog
724,Kushmurun,KZ,52.4503,64.6311,13.19,96,22,10.4,few clouds
725,Chebarkul,RU,54.9749,60.3633,26.24,94,98,13.33,overcast clouds
726,Upata,VE,8.0086,-62.3989,89.85,41,100,10.29,overcast clouds
